caseId,contractId,contractArm,track,scenarioId,httpStatus,structural,measurementAdmissibility,measurementLimited,semanticVerdict,reason,responseBytes,responseSha256
ESSENTIAL12x7-V2-E1-1-valid-new-tcatbal,E1-1,zero-shot,posting,valid-new-tcatbal,200,schema_valid,admissible_preparatory,False,pass,posting expected_accept matched actual TRANFILE.after/DALYREJS bytes,355,74dc2840235ddc29112a68f70ee417930af9423dbe80f9d3565009a91001b3f7
ESSENTIAL12x7-V2-E1-1-valid-existing-tcatbal,E1-1,zero-shot,posting,valid-existing-tcatbal,200,schema_valid,admissible_preparatory,False,pass,posting expected_accept matched actual TRANFILE.after/DALYREJS bytes,287,5e6a5736be208b7ba9fe60785dbf3b7b08630630d078218edabb4a776f0409fd
ESSENTIAL12x7-V2-E1-1-reject-card-missing,E1-1,zero-shot,posting,reject-card-missing,200,schema_valid,admissible_preparatory,False,pass,posting expected_reject matched actual TRANFILE.after/DALYREJS bytes,287,c0a94294df314635433371fa10f37f53b999ae45b15d73df2b2e8dbc9e92ade2
ESSENTIAL12x7-V2-E1-1-reject-account-missing,E1-1,zero-shot,posting,reject-account-missing,200,schema_valid,admissible_preparatory,False,pass,posting expected_reject matched actual TRANFILE.after/DALYREJS bytes,287,c0a94294df314635433371fa10f37f53b999ae45b15d73df2b2e8dbc9e92ade2
ESSENTIAL12x7-V2-E1-1-reject-limit,E1-1,zero-shot,posting,reject-limit,200,schema_valid,admissible_preparatory,False,pass,posting expected_reject matched actual TRANFILE.after/DALYREJS bytes,287,c0a94294df314635433371fa10f37f53b999ae45b15d73df2b2e8dbc9e92ade2
ESSENTIAL12x7-V2-E1-1-reject-expiry,E1-1,zero-shot,posting,reject-expiry,200,schema_valid,admissible_preparatory,False,pass,posting expected_reject matched actual TRANFILE.after/DALYREJS bytes,287,c0a94294df314635433371fa10f37f53b999ae45b15d73df2b2e8dbc9e92ade2
ESSENTIAL12x7-V2-E1-1-rates-specific-default-zero,E1-1,zero-shot,interest,rates-specific-default-zero,200,schema_valid,admissible_preparatory,False,pass,interest formula matched source-derived balances/rates and actual TRANSACT bytes,1664,98d3763b9e6a4624fa6eaf0d876d1ab1594753df986c64e814b498c607278acd
ESSENTIAL12x7-V2-E1-1-single-final-eof,E1-1,zero-shot,interest,single-final-eof,200,schema_valid,admissible_preparatory,False,pass,interest formula matched source-derived balances/rates and actual TRANSACT bytes,780,3c96202ab54c8f6b8c3a271e2c448e8e2aa9c8fd85b2198ad7b600379d6c5100
ESSENTIAL12x7-V2-E1-1-date-boundaries-in-out-v1,E1-1,zero-shot,reporting,date-boundaries-in-out-v1,200,schema_valid,admissible_preparatory,False,inconclusive,TRANREPT-SRC-TOTALS-FINANCIAL-CORRECTNESS=not_observable,1683,627b25bdfcffa7635c2ef31583411558b3dd0d1ac6ca7643c167fceb2b21495c
ESSENTIAL12x7-V2-E1-1-empty-in-range-v1,E1-1,zero-shot,reporting,empty-in-range-v1,200,schema_valid,admissible_preparatory,False,failed,report_empty,155,8b8a5ddb2c29ff9988fa16e611db7de1e54881c6b4b77f07616981233270d65f
ESSENTIAL12x7-V2-E1-1-card-break-two-groups-v1,E1-1,zero-shot,reporting,card-break-two-groups-v1,200,schema_valid,admissible_preparatory,False,inconclusive,qualified extractor error: InvalidOperation: [<class 'decimal.ConversionSyntax'>],3404,0be7144d146dc751e23f6feb0a1248782ad653cea8669dcdfe9a530ec3c1f38e
ESSENTIAL12x7-V2-E1-1-pagination-threshold-20-v1,E1-1,zero-shot,reporting,pagination-threshold-20-v1,200,schema_valid,admissible_preparatory,False,inconclusive,qualified extractor error: InvalidOperation: [<class 'decimal.ConversionSyntax'>],11808,f6538e03221a6cac0bda0b3a45ad3b502b3f39945f99cb8dbd4b2f5d8f1dbc71
ESSENTIAL12x7-V2-E1-2-valid-new-tcatbal,E1-2,zero-shot,posting,valid-new-tcatbal,200,schema_valid,admissible_preparatory,False,pass,posting expected_accept matched actual TRANFILE.after/DALYREJS bytes,334,1edea239fc618e20a16c9f04b854404a5f003af764d2f1d69497417b351b2ac4
ESSENTIAL12x7-V2-E1-2-valid-existing-tcatbal,E1-2,zero-shot,posting,valid-existing-tcatbal,200,schema_valid,admissible_preparatory,False,pass,posting expected_accept matched actual TRANFILE.after/DALYREJS bytes,266,0f065fe685fb4e23e0e84b5c661f07db3e03ea455caeb8200d35d5c47fbeb97b
ESSENTIAL12x7-V2-E1-2-reject-card-missing,E1-2,zero-shot,posting,reject-card-missing,200,schema_valid,admissible_preparatory,False,pass,posting expected_reject matched actual TRANFILE.after/DALYREJS bytes,266,113fa99c1abac38421671d339c60dd24c8a2677807d79c15047ca150de66145d
ESSENTIAL12x7-V2-E1-2-reject-account-missing,E1-2,zero-shot,posting,reject-account-missing,200,schema_valid,admissible_preparatory,False,pass,posting expected_reject matched actual TRANFILE.after/DALYREJS bytes,266,113fa99c1abac38421671d339c60dd24c8a2677807d79c15047ca150de66145d
ESSENTIAL12x7-V2-E1-2-reject-limit,E1-2,zero-shot,posting,reject-limit,200,schema_valid,admissible_preparatory,False,pass,posting expected_reject matched actual TRANFILE.after/DALYREJS bytes,266,113fa99c1abac38421671d339c60dd24c8a2677807d79c15047ca150de66145d
ESSENTIAL12x7-V2-E1-2-reject-expiry,E1-2,zero-shot,posting,reject-expiry,200,schema_valid,admissible_preparatory,False,pass,posting expected_reject matched actual TRANFILE.after/DALYREJS bytes,266,113fa99c1abac38421671d339c60dd24c8a2677807d79c15047ca150de66145d
ESSENTIAL12x7-V2-E1-2-rates-specific-default-zero,E1-2,zero-shot,interest,rates-specific-default-zero,200,schema_valid,admissible_preparatory,False,pass,interest formula matched source-derived balances/rates and actual TRANSACT bytes,1672,3f6d2f5a0069ad54ec1e21e7e1a125afd1442829fe5528ceb8f8e5693b817c9f
ESSENTIAL12x7-V2-E1-2-single-final-eof,E1-2,zero-shot,interest,single-final-eof,200,schema_valid,admissible_preparatory,False,pass,interest formula matched source-derived balances/rates and actual TRANSACT bytes,788,d6be62b20f6f978a78077e003803b0f04622db81d52d6d26097f35cea11929e2
ESSENTIAL12x7-V2-E1-2-date-boundaries-in-out-v1,E1-2,zero-shot,reporting,date-boundaries-in-out-v1,200,schema_valid,admissible_preparatory,False,inconclusive,TRANREPT-SRC-TOTALS-FINANCIAL-CORRECTNESS=not_observable,1700,07c39389c1d05bd928cb24b0d09e6435964ac779857465b853adf160634bfbaf
ESSENTIAL12x7-V2-E1-2-empty-in-range-v1,E1-2,zero-shot,reporting,empty-in-range-v1,200,schema_valid,admissible_preparatory,False,failed,report_empty,172,c0cda0b69001b5fda6c59d2582bd467f3b857eb98a2cfd0092755bf1ea240567
ESSENTIAL12x7-V2-E1-2-card-break-two-groups-v1,E1-2,zero-shot,reporting,card-break-two-groups-v1,200,schema_valid,admissible_preparatory,False,inconclusive,qualified extractor error: InvalidOperation: [<class 'decimal.ConversionSyntax'>],3421,419756d4bacf40e012fe7b1ee46b4237454683aae5b3f2870e9cb63288a8df86
ESSENTIAL12x7-V2-E1-2-pagination-threshold-20-v1,E1-2,zero-shot,reporting,pagination-threshold-20-v1,200,schema_valid,admissible_preparatory,False,inconclusive,qualified extractor error: InvalidOperation: [<class 'decimal.ConversionSyntax'>],11825,9a17aeaef41828445b3f6de071e94e9f2b1cce3dea6bab2e0ac5674714460994
ESSENTIAL12x7-V2-E1-3-valid-new-tcatbal,E1-3,zero-shot,posting,valid-new-tcatbal,200,schema_valid,admissible_preparatory,False,pass,posting expected_accept matched actual TRANFILE.after/DALYREJS bytes,368,ad0ecd8f0e463abdd9db9c07b359aa5d16c379eb6781a742ce59881e612498fc
ESSENTIAL12x7-V2-E1-3-valid-existing-tcatbal,E1-3,zero-shot,posting,valid-existing-tcatbal,200,schema_valid,admissible_preparatory,False,pass,posting expected_accept matched actual TRANFILE.after/DALYREJS bytes,300,5c91e43f43f07c2eb0c88eac4b736a7b4899511067f1b080a12ef8c06e79a735
ESSENTIAL12x7-V2-E1-3-reject-card-missing,E1-3,zero-shot,posting,reject-card-missing,200,schema_valid,admissible_preparatory,False,pass,posting expected_reject matched actual TRANFILE.after/DALYREJS bytes,300,40674663e942cef849553517840ebf6ebdc0c0bc917d929063d1598768e454fa
ESSENTIAL12x7-V2-E1-3-reject-account-missing,E1-3,zero-shot,posting,reject-account-missing,200,schema_valid,admissible_preparatory,False,pass,posting expected_reject matched actual TRANFILE.after/DALYREJS bytes,300,40674663e942cef849553517840ebf6ebdc0c0bc917d929063d1598768e454fa
ESSENTIAL12x7-V2-E1-3-reject-limit,E1-3,zero-shot,posting,reject-limit,200,schema_valid,admissible_preparatory,False,pass,posting expected_reject matched actual TRANFILE.after/DALYREJS bytes,300,40674663e942cef849553517840ebf6ebdc0c0bc917d929063d1598768e454fa
ESSENTIAL12x7-V2-E1-3-reject-expiry,E1-3,zero-shot,posting,reject-expiry,200,schema_valid,admissible_preparatory,False,pass,posting expected_reject matched actual TRANFILE.after/DALYREJS bytes,300,40674663e942cef849553517840ebf6ebdc0c0bc917d929063d1598768e454fa
ESSENTIAL12x7-V2-E1-3-rates-specific-default-zero,E1-3,zero-shot,interest,rates-specific-default-zero,200,schema_valid,admissible_preparatory,False,pass,interest formula matched source-derived balances/rates and actual TRANSACT bytes,1667,ee6a9829b1296e160426d382cfaa0dcb8f7339ddb6e9a39358eb59408a55a357
ESSENTIAL12x7-V2-E1-3-single-final-eof,E1-3,zero-shot,interest,single-final-eof,200,schema_valid,admissible_preparatory,False,pass,interest formula matched source-derived balances/rates and actual TRANSACT bytes,801,181cf9a884f194a68c7c3cb47736285fe464f6004d37b1019f059bd432b84719
ESSENTIAL12x7-V2-E1-3-date-boundaries-in-out-v1,E1-3,zero-shot,reporting,date-boundaries-in-out-v1,200,schema_valid,admissible_preparatory,False,inconclusive,TRANREPT-SRC-TOTALS-FINANCIAL-CORRECTNESS=not_observable,2014,181501decab9679872df215dd5b3dea761863f28489322935f8c3209698929f5
ESSENTIAL12x7-V2-E1-3-empty-in-range-v1,E1-3,zero-shot,reporting,empty-in-range-v1,200,schema_valid,admissible_preparatory,False,failed,report_empty,204,3313855622796ec4592da8c21290b61a5645adb5a2d6c121cbeeb541108ac0a3
ESSENTIAL12x7-V2-E1-3-card-break-two-groups-v1,E1-3,zero-shot,reporting,card-break-two-groups-v1,200,schema_valid,admissible_preparatory,False,inconclusive,qualified extractor error: InvalidOperation: [<class 'decimal.ConversionSyntax'>],4064,97e8890ca9ac0b0c7a8cbfc2e94b1e1cd504912f79fd49b8a5a032d61ad6c58b
ESSENTIAL12x7-V2-E1-3-pagination-threshold-20-v1,E1-3,zero-shot,reporting,pagination-threshold-20-v1,200,schema_valid,admissible_preparatory,False,inconclusive,qualified extractor error: InvalidOperation: [<class 'decimal.ConversionSyntax'>],13408,cbf586441d6b87017db79d1555ea1a434a94df67f8f6f749c33d2be6742882a8
ESSENTIAL12x7-V2-E2-1-valid-new-tcatbal,E2-1,few-shot,posting,valid-new-tcatbal,200,schema_valid,admissible_preparatory,False,pass,posting expected_accept matched actual TRANFILE.after/DALYREJS bytes,93,0a19d00584a7db0422ccf6101be5e5fdad55e3012c9ed8101e4235118aed6afe
ESSENTIAL12x7-V2-E2-1-valid-existing-tcatbal,E2-1,few-shot,posting,valid-existing-tcatbal,200,schema_valid,admissible_preparatory,False,pass,posting expected_accept matched actual TRANFILE.after/DALYREJS bytes,93,0a19d00584a7db0422ccf6101be5e5fdad55e3012c9ed8101e4235118aed6afe
ESSENTIAL12x7-V2-E2-1-reject-card-missing,E2-1,few-shot,posting,reject-card-missing,200,schema_valid,admissible_preparatory,False,pass,posting expected_reject matched actual TRANFILE.after/DALYREJS bytes,93,65d80abe777b8060102d4769ea2265cd31bb4b761224f6517ba129456b71d123
ESSENTIAL12x7-V2-E2-1-reject-account-missing,E2-1,few-shot,posting,reject-account-missing,200,schema_valid,admissible_preparatory,False,pass,posting expected_reject matched actual TRANFILE.after/DALYREJS bytes,93,65d80abe777b8060102d4769ea2265cd31bb4b761224f6517ba129456b71d123
ESSENTIAL12x7-V2-E2-1-reject-limit,E2-1,few-shot,posting,reject-limit,200,schema_valid,admissible_preparatory,False,pass,posting expected_reject matched actual TRANFILE.after/DALYREJS bytes,93,65d80abe777b8060102d4769ea2265cd31bb4b761224f6517ba129456b71d123
ESSENTIAL12x7-V2-E2-1-reject-expiry,E2-1,few-shot,posting,reject-expiry,200,schema_valid,admissible_preparatory,False,pass,posting expected_reject matched actual TRANFILE.after/DALYREJS bytes,93,65d80abe777b8060102d4769ea2265cd31bb4b761224f6517ba129456b71d123
ESSENTIAL12x7-V2-E2-1-rates-specific-default-zero,E2-1,few-shot,interest,rates-specific-default-zero,200,schema_valid,admissible_preparatory,False,pass,interest formula matched source-derived balances/rates and actual TRANSACT bytes,1964,41e6876a7738c7c59fcdab9c93042bf34c24096f14b8966d6e9af808e86994a4
ESSENTIAL12x7-V2-E2-1-single-final-eof,E2-1,few-shot,interest,single-final-eof,200,schema_valid,admissible_preparatory,False,pass,interest formula matched source-derived balances/rates and actual TRANSACT bytes,992,74bee928f2d554ce7edec7c082326ccaacd11e7767fffcc93952446f21be5c49
ESSENTIAL12x7-V2-E2-1-date-boundaries-in-out-v1,E2-1,few-shot,reporting,date-boundaries-in-out-v1,200,schema_valid,admissible_preparatory,False,inconclusive,TRANREPT-SRC-TOTALS-FINANCIAL-CORRECTNESS=not_observable,833,46d6265537785dcf0fbbf44a164675242169cdfa3d47d101a7f559b41cf089c4
ESSENTIAL12x7-V2-E2-1-empty-in-range-v1,E2-1,few-shot,reporting,empty-in-range-v1,200,schema_valid,admissible_preparatory,False,failed,report_empty,13,fde6cb9ea71d9460330da7d1f23965fea313a3bd36510741d5373f684068b14f
ESSENTIAL12x7-V2-E2-1-card-break-two-groups-v1,E2-1,few-shot,reporting,card-break-two-groups-v1,400,schema_valid,inadmissible_or_limited,True,failed,missing_report,2,44136fa355b3678a1146ad16f7e8649e94fb4fc21fe77e8310c060f61caaff8a
ESSENTIAL12x7-V2-E2-1-pagination-threshold-20-v1,E2-1,few-shot,reporting,pagination-threshold-20-v1,400,schema_valid,inadmissible_or_limited,True,failed,missing_report,2,44136fa355b3678a1146ad16f7e8649e94fb4fc21fe77e8310c060f61caaff8a
ESSENTIAL12x7-V2-E2-2-valid-new-tcatbal,E2-2,few-shot,posting,valid-new-tcatbal,200,schema_valid,admissible_preparatory,False,pass,posting expected_accept matched actual TRANFILE.after/DALYREJS bytes,357,787e62b5a852e7768bd91e6ae7d6a8b59ac63ae27232e431b6848b346a0ea55d
ESSENTIAL12x7-V2-E2-2-valid-existing-tcatbal,E2-2,few-shot,posting,valid-existing-tcatbal,200,schema_valid,admissible_preparatory,False,pass,posting expected_accept matched actual TRANFILE.after/DALYREJS bytes,289,a391312edf04a44741006245dec6bbf8c4aee6bc574ad80e5d6e47e1b85a6062
ESSENTIAL12x7-V2-E2-2-reject-card-missing,E2-2,few-shot,posting,reject-card-missing,200,schema_valid,admissible_preparatory,False,pass,posting expected_reject matched actual TRANFILE.after/DALYREJS bytes,289,4e38aa1a64b381ec9697647bf28f9bd4291953f7ed016d1affa810b84fe26eed
ESSENTIAL12x7-V2-E2-2-reject-account-missing,E2-2,few-shot,posting,reject-account-missing,200,schema_valid,admissible_preparatory,False,pass,posting expected_reject matched actual TRANFILE.after/DALYREJS bytes,289,4e38aa1a64b381ec9697647bf28f9bd4291953f7ed016d1affa810b84fe26eed
ESSENTIAL12x7-V2-E2-2-reject-limit,E2-2,few-shot,posting,reject-limit,200,schema_valid,admissible_preparatory,False,pass,posting expected_reject matched actual TRANFILE.after/DALYREJS bytes,289,4e38aa1a64b381ec9697647bf28f9bd4291953f7ed016d1affa810b84fe26eed
ESSENTIAL12x7-V2-E2-2-reject-expiry,E2-2,few-shot,posting,reject-expiry,200,schema_valid,admissible_preparatory,False,pass,posting expected_reject matched actual TRANFILE.after/DALYREJS bytes,289,4e38aa1a64b381ec9697647bf28f9bd4291953f7ed016d1affa810b84fe26eed
ESSENTIAL12x7-V2-E2-2-rates-specific-default-zero,E2-2,few-shot,interest,rates-specific-default-zero,200,schema_valid,admissible_preparatory,False,pass,interest formula matched source-derived balances/rates and actual TRANSACT bytes,2655,e403b229c1f0659db531e0417796fea14ba4b6abe3c217b661af5bb6a2176a4f
ESSENTIAL12x7-V2-E2-2-single-final-eof,E2-2,few-shot,interest,single-final-eof,200,schema_valid,admissible_preparatory,False,pass,interest formula matched source-derived balances/rates and actual TRANSACT bytes,1304,4cc17eb6446a87aed0b5b7f92bd0129ed8624cbdb396dcc76448419d2bec3fae
ESSENTIAL12x7-V2-E2-2-date-boundaries-in-out-v1,E2-2,few-shot,reporting,date-boundaries-in-out-v1,200,schema_valid,admissible_preparatory,False,inconclusive,TRANREPT-SRC-TOTALS-FINANCIAL-CORRECTNESS=not_observable,1683,627b25bdfcffa7635c2ef31583411558b3dd0d1ac6ca7643c167fceb2b21495c
ESSENTIAL12x7-V2-E2-2-empty-in-range-v1,E2-2,few-shot,reporting,empty-in-range-v1,200,schema_valid,admissible_preparatory,False,failed,report_empty,155,8b8a5ddb2c29ff9988fa16e611db7de1e54881c6b4b77f07616981233270d65f
ESSENTIAL12x7-V2-E2-2-card-break-two-groups-v1,E2-2,few-shot,reporting,card-break-two-groups-v1,400,schema_valid,inadmissible_or_limited,True,failed,missing_report,2,44136fa355b3678a1146ad16f7e8649e94fb4fc21fe77e8310c060f61caaff8a
ESSENTIAL12x7-V2-E2-2-pagination-threshold-20-v1,E2-2,few-shot,reporting,pagination-threshold-20-v1,400,schema_valid,inadmissible_or_limited,True,failed,missing_report,2,44136fa355b3678a1146ad16f7e8649e94fb4fc21fe77e8310c060f61caaff8a
ESSENTIAL12x7-V2-E2-3-valid-new-tcatbal,E2-3,few-shot,posting,valid-new-tcatbal,200,schema_valid,admissible_preparatory,False,pass,posting expected_accept matched actual TRANFILE.after/DALYREJS bytes,93,0a19d00584a7db0422ccf6101be5e5fdad55e3012c9ed8101e4235118aed6afe
ESSENTIAL12x7-V2-E2-3-valid-existing-tcatbal,E2-3,few-shot,posting,valid-existing-tcatbal,200,schema_valid,admissible_preparatory,False,pass,posting expected_accept matched actual TRANFILE.after/DALYREJS bytes,93,0a19d00584a7db0422ccf6101be5e5fdad55e3012c9ed8101e4235118aed6afe
ESSENTIAL12x7-V2-E2-3-reject-card-missing,E2-3,few-shot,posting,reject-card-missing,200,schema_valid,admissible_preparatory,False,pass,posting expected_reject matched actual TRANFILE.after/DALYREJS bytes,93,65d80abe777b8060102d4769ea2265cd31bb4b761224f6517ba129456b71d123
ESSENTIAL12x7-V2-E2-3-reject-account-missing,E2-3,few-shot,posting,reject-account-missing,200,schema_valid,admissible_preparatory,False,pass,posting expected_reject matched actual TRANFILE.after/DALYREJS bytes,93,65d80abe777b8060102d4769ea2265cd31bb4b761224f6517ba129456b71d123
ESSENTIAL12x7-V2-E2-3-reject-limit,E2-3,few-shot,posting,reject-limit,200,schema_valid,admissible_preparatory,False,pass,posting expected_reject matched actual TRANFILE.after/DALYREJS bytes,93,65d80abe777b8060102d4769ea2265cd31bb4b761224f6517ba129456b71d123
ESSENTIAL12x7-V2-E2-3-reject-expiry,E2-3,few-shot,posting,reject-expiry,200,schema_valid,admissible_preparatory,False,pass,posting expected_reject matched actual TRANFILE.after/DALYREJS bytes,93,65d80abe777b8060102d4769ea2265cd31bb4b761224f6517ba129456b71d123
ESSENTIAL12x7-V2-E2-3-rates-specific-default-zero,E2-3,few-shot,interest,rates-specific-default-zero,200,schema_valid,admissible_preparatory,False,pass,interest formula matched source-derived balances/rates and actual TRANSACT bytes,1934,72ff49dc9e78196b424be535ec79ae0b42573c44f51ef73de7c96c1048224bb0
ESSENTIAL12x7-V2-E2-3-single-final-eof,E2-3,few-shot,interest,single-final-eof,200,schema_valid,admissible_preparatory,False,pass,interest formula matched source-derived balances/rates and actual TRANSACT bytes,977,88b69ab97c9d3a3a122bc0b3a4b88fe9a8e78fb60ca12b11fe60d607c14cb4db
ESSENTIAL12x7-V2-E2-3-date-boundaries-in-out-v1,E2-3,few-shot,reporting,date-boundaries-in-out-v1,200,schema_valid,admissible_preparatory,False,inconclusive,TRANREPT-SRC-TOTALS-FINANCIAL-CORRECTNESS=not_observable,833,46d6265537785dcf0fbbf44a164675242169cdfa3d47d101a7f559b41cf089c4
ESSENTIAL12x7-V2-E2-3-empty-in-range-v1,E2-3,few-shot,reporting,empty-in-range-v1,200,schema_valid,admissible_preparatory,False,failed,report_empty,13,fde6cb9ea71d9460330da7d1f23965fea313a3bd36510741d5373f684068b14f
ESSENTIAL12x7-V2-E2-3-card-break-two-groups-v1,E2-3,few-shot,reporting,card-break-two-groups-v1,400,schema_valid,inadmissible_or_limited,True,failed,missing_report,2,44136fa355b3678a1146ad16f7e8649e94fb4fc21fe77e8310c060f61caaff8a
ESSENTIAL12x7-V2-E2-3-pagination-threshold-20-v1,E2-3,few-shot,reporting,pagination-threshold-20-v1,400,schema_valid,inadmissible_or_limited,True,failed,missing_report,2,44136fa355b3678a1146ad16f7e8649e94fb4fc21fe77e8310c060f61caaff8a
ESSENTIAL12x7-V2-E3-SDD-stage6r3-valid-new-tcatbal,E3-SDD-stage6r3,SDD,posting,valid-new-tcatbal,200,schema_valid,admissible_preparatory,False,pass,posting expected_accept matched actual TRANFILE.after/DALYREJS bytes,300,40254a69ab25e10340b4c1f7885f871027cca32416dd67059aa2cbc8e66e4275
ESSENTIAL12x7-V2-E3-SDD-stage6r3-valid-existing-tcatbal,E3-SDD-stage6r3,SDD,posting,valid-existing-tcatbal,200,schema_valid,admissible_preparatory,False,pass,posting expected_accept matched actual TRANFILE.after/DALYREJS bytes,300,40254a69ab25e10340b4c1f7885f871027cca32416dd67059aa2cbc8e66e4275
ESSENTIAL12x7-V2-E3-SDD-stage6r3-reject-card-missing,E3-SDD-stage6r3,SDD,posting,reject-card-missing,200,schema_valid,admissible_preparatory,False,pass,posting expected_reject matched actual TRANFILE.after/DALYREJS bytes,300,c38cc45a2be369a442f24f9d1b86c56deeb3becb8373a9ae552d2a3d212833cf
ESSENTIAL12x7-V2-E3-SDD-stage6r3-reject-account-missing,E3-SDD-stage6r3,SDD,posting,reject-account-missing,200,schema_valid,admissible_preparatory,False,pass,posting expected_reject matched actual TRANFILE.after/DALYREJS bytes,300,c38cc45a2be369a442f24f9d1b86c56deeb3becb8373a9ae552d2a3d212833cf
ESSENTIAL12x7-V2-E3-SDD-stage6r3-reject-limit,E3-SDD-stage6r3,SDD,posting,reject-limit,200,schema_valid,admissible_preparatory,False,pass,posting expected_reject matched actual TRANFILE.after/DALYREJS bytes,300,c38cc45a2be369a442f24f9d1b86c56deeb3becb8373a9ae552d2a3d212833cf
ESSENTIAL12x7-V2-E3-SDD-stage6r3-reject-expiry,E3-SDD-stage6r3,SDD,posting,reject-expiry,200,schema_valid,admissible_preparatory,False,pass,posting expected_reject matched actual TRANFILE.after/DALYREJS bytes,300,c38cc45a2be369a442f24f9d1b86c56deeb3becb8373a9ae552d2a3d212833cf
ESSENTIAL12x7-V2-E3-SDD-stage6r3-rates-specific-default-zero,E3-SDD-stage6r3,SDD,interest,rates-specific-default-zero,200,schema_valid,admissible_preparatory,False,pass,interest formula matched source-derived balances/rates and actual TRANSACT bytes,1849,8932d4c61bf7649ff43004ca20e3096c7096c8767b0cdaab6758b28aec4b8b2d
ESSENTIAL12x7-V2-E3-SDD-stage6r3-single-final-eof,E3-SDD-stage6r3,SDD,interest,single-final-eof,200,schema_valid,admissible_preparatory,False,pass,interest formula matched source-derived balances/rates and actual TRANSACT bytes,990,28713bde1d9bd7a722340106a90cca6c0e8984f850b52fcb09ec0dc1c7909830
ESSENTIAL12x7-V2-E3-SDD-stage6r3-date-boundaries-in-out-v1,E3-SDD-stage6r3,SDD,reporting,date-boundaries-in-out-v1,200,schema_valid,admissible_preparatory,False,inconclusive,TRANREPT-SRC-TOTALS-FINANCIAL-CORRECTNESS=not_observable,826,a75c154b84ff3f57ec035cdb7e35dafdb28f4951e7e002491d13361dfbb98520
ESSENTIAL12x7-V2-E3-SDD-stage6r3-empty-in-range-v1,E3-SDD-stage6r3,SDD,reporting,empty-in-range-v1,200,schema_valid,admissible_preparatory,False,failed,report_empty,134,220d391e7495c4963a867748d3a6340df1ee2b67decafce148b287a1892cd67f
ESSENTIAL12x7-V2-E3-SDD-stage6r3-card-break-two-groups-v1,E3-SDD-stage6r3,SDD,reporting,card-break-two-groups-v1,200,schema_valid,admissible_preparatory,False,inconclusive,qualified extractor error: InvalidOperation: [<class 'decimal.ConversionSyntax'>],1593,da5a0da669d1c7326ad03588d92cb4c64fb94c9f00d5e7a45e9b1cd2e1b8ecef
ESSENTIAL12x7-V2-E3-SDD-stage6r3-pagination-threshold-20-v1,E3-SDD-stage6r3,SDD,reporting,pagination-threshold-20-v1,200,schema_valid,admissible_preparatory,False,inconclusive,qualified extractor error: InvalidOperation: [<class 'decimal.ConversionSyntax'>],5946,695a03893a5ea3bc503e85a04b05716b11ae3f55975e931f1d73c71ebcce5551
